"Titre,""Produit"",""HauteurMin_mm"",""HauteurMax_mm"",""Eclairage"",""PrixUnitaire_EUR"",""Commentaire"""
"Lettre boitier laquée Fantaisie chants aluminium et face avant type Dibond,,,""250"",""non"",""108,00 €"","
"Lettre boitier laquée Fantaisie chants aluminium et face avant type Dibond,,,""250"",""oui"",""175,00 €"",""rétroéclairage et pose sur taquet"""
"Lettre boitier laquée Fantaisie chants aluminium et face avant type Dibond,,""260"",""350"",""non"",""120,00 €"","
"Lettre boitier laquée Fantaisie chants aluminium et face avant type Dibond,,""260"",""350"",""oui"",""193,00 €"","
"Lettre boitier laquée Fantaisie chants aluminium et face avant type Dibond,,""360"",""450"",""non"",""147,00 €"","
"Lettre boitier laquée Fantaisie chants aluminium et face avant type Dibond,,""360"",""450"",""oui"",""238,00 €"","
"Lettre boitier laquée Fantaisie chants aluminium et face avant type Dibond,,""460"",""550"",""non"",""178,00 €"","
"Lettre boitier laquée Fantaisie chants aluminium et face avant type Dibond,,""460"",""550"",""oui"",""289,00 €"","
"Lettre boitier laquée Fantaisie chants aluminium et face avant type Dibond,,""560"",""650"",""non"",""218,00 €"","
"Lettre boitier laquée Fantaisie chants aluminium et face avant type Dibond,,""560"",""650"",""oui"",""357,00 €"","
"Lettre boitier laquée Fantaisie chants aluminium et face avant type Dibond,,""660"",""750"",""non"",""262,00 €"","
"Lettre boitier laquée Fantaisie chants aluminium et face avant type Dibond,,""660"",""750"",""oui"",""431,00 €"","
"Lettre boitier laquée Fantaisie chants aluminium et face avant type Dibond,,""760"",""850"",""non"",""414,00 €"","
"Lettre boitier laquée Fantaisie chants aluminium et face avant type Dibond,,""760"",""850"",""oui"",""675,00 €"","
"Lettre boitier laquée Fantaisie chants aluminium et face avant type Dibond,,""860"",""1 000"",""non"",""483,00 €"","
"Lettre boitier laquée Fantaisie chants aluminium et face avant type Dibond,,""860"",""1 000"",""oui"",""790,00 €"","
"Lettre boitier laquée Fantaisie chants aluminium et face avant type Dibond,,""1 010"",""1 100"",""non"",""519,00 €"","
"Lettre boitier laquée Fantaisie chants aluminium et face avant type Dibond,,""1 010"",""1 100"",""oui"",""852,00 €"","
"Lettre boitier laquée Fantaisie chants aluminium et face avant type Dibond,,""1 110"",""1 200"",""non"",""542,00 €"","
"Lettre boitier laquée Fantaisie chants aluminium et face avant type Dibond,,""1 110"",""1 200"",""oui"",""889,00 €"","
"Lettre boitier laquée Fantaisie chants aluminium et face avant type Dibond,,""1 210"",""1 300"",""non"",""594,00 €"","
"Lettre boitier laquée Fantaisie chants aluminium et face avant type Dibond,,""1 210"",""1 300"",""oui"",""974,00 €"","
"Lettre boitier laquée Fantaisie chants aluminium et face avant type Dibond,,""1 310"",""1 400"",""non"",""654,00 €"","
"Lettre boitier laquée Fantaisie chants aluminium et face avant type Dibond,,""1 310"",""1 400"",""oui"",""1 072,00 €"","
"Lettre boitier laquée Fantaisie chants aluminium et face avant type Dibond,,""1 410"",""1 500"",""non"",""718,00 €"","
"Lettre boitier laquée Fantaisie chants aluminium et face avant type Dibond,,""1 410"",""1 500"",""oui"",""1 179,00 €"","
"Lettre boitier laquée Fantaisie chants aluminium et face avant type Dibond,,""1 510"",""1 600"",""non"",""778,00 €"","
"Lettre boitier laquée Fantaisie chants aluminium et face avant type Dibond,,""1 510"",""1 600"",""oui"",""1 289,00 €"","
"Lettre boitier laquée Fantaisie chants aluminium et face avant type Dibond,,""1 610"",""1 700"",""non"",""866,00 €"","
"Lettre boitier laquée Fantaisie chants aluminium et face avant type Dibond,,""1 610"",""1 700"",""oui"",""1 438,00 €"","
"Lettre boitier laquée Fantaisie chants aluminium et face avant type Dibond,,""1 710"",""1 800"",""non"",""943,00 €"","
"Lettre boitier laquée Fantaisie chants aluminium et face avant type Dibond,,""1 710"",""1 800"",""oui"",""1 567,00 €"","
"Lettre boitier laquée Fantaisie chants aluminium et face avant type Dibond,,""1 810"",""1 900"",""non"",""1 011,00 €"","
"Lettre boitier laquée Fantaisie chants aluminium et face avant type Dibond,,""1 810"",""1 900"",""oui"",""1 679,00 €"","
"Lettre boitier laquée Fantaisie chants aluminium et face avant type Dibond,,""1 910"",""2 000"",""non"",""1 087,00 €"","
"Lettre boitier laquée Fantaisie chants aluminium et face avant type Dibond,,""1 910"",""2 000"",""oui"",""1 803,00 €"","
